shitty	-5.38
unplayable	-5.2
painful	-5.18
crappy	-5.17
trash	-5.16
broken	-5.14
garbage	-5.12
disgusting	-5.06
mess	-5.05
unacceptable	-5.04
abysmal	-4.93
atrocious	-4.9
idiotic	-4.69
excuse	-4.66
bad	-4.66
awkward	-4.51
suffered	-4.5
pathetic	-4.48
clusterfuck	-4.47
ui	-4.4
poor	-4.31
crap	-4.26
suffers	-4.24
disaster	-4.21
hating	-4.2
suffer	-4.18
mediocre	-4.15
victim	-4.11
clunky	-3.99
bullshit	-3.96
pile	-3.9
rushed	-3.89
buggy	-3.79
ugly	-3.76
ruined	-3.73
weak	-3.73
lackluster	-3.69
bugged	-3.67
excuses	-3.67
questionable	-3.59
lazy	-3.42
unfinished	-3.39
bland	-3.33
lame	-3.32
incomplete	-3.3
jerk	-3.28
circlejerk	-3.25
underwhelming	-3.23
utter	-3.23
unbalanced	-3.22
hatred	-3.21
stupid	-3.2
mentality	-3.18
mobile	-3.14
junk	-3.09
complete	-3.08
fanboys	-3.07
da2	-3.06
bs	-3.05
meh	-3.04
ac3	-3.03
shady	-3.03
circle	-2.99
introduced	-2.99
greedy	-2.99
ports	-2.92
uninteresting	-2.91
ghosts	-2.91
slow	-2.9
blind	-2.9
whining	-2.88
practices	-2.88
skyward	-2.87
praise	-2.86
boring	-2.86
insulting	-2.86
piece	-2.86
shallow	-2.85
dull	-2.83
criticized	-2.83
repetitive	-2.82
confusing	-2.81
attention	-2.81
shits	-2.81
tedious	-2.79
anti	-2.78
understood	-2.78
netcode	-2.76
menus	-2.76
practice	-2.76
navigate	-2.75
initially	-2.75
horribly	-2.74
dirty	-2.74
generic	-2.73
train	-2.7
nonsense	-2.7
deserve	-2.69
predictable	-2.69
bait	-2.68
outdated	-2.68
sucked	-2.68
state	-2.67
annoying	-2.67
chore	-2.66
pr	-2.66
deserved	-2.65
ignorant	-2.64
naive	-2.63
complained	-2.62
cheesy	-2.59
insult	-2.58
port	-2.57
dislike	-2.55
grain	-2.54
lacking	-2.52
tired	-2.52
parts	-2.48
blaming	-2.48
business	-2.45
absolute	-2.44
regards	-2.44
disliked	-2.41
controls	-2.4
depressing	-2.39
desperate	-2.39
worthless	-2.38
writing	-2.36
childish	-2.36
sick	-2.36
interface	-2.34
stale	-2.34
says	-2.33
filler	-2.32
calling	-2.31
clones	-2.3
useless	-2.3
due	-2.29
wasnt	-2.29
agreed	-2.29
grindy	-2.28
fanboy	-2.27
causes	-2.26
abuse	-2.24
severe	-2.24
reads	-2.23
decides	-2.23
inventory	-2.22
trolling	-2.18
entitled	-2.16
shipped	-2.16
crashes	-2.16
plain	-2.14
lag	-2.13
bugs	-2.13
shit	-2.12
general	-2.12
detection	-2.11
pointless	-2.11
causing	-2.08
crashing	-2.06
acceptable	-2.06
fetch	-2.06
messed	-2.02
laptop	-2.01
caused	-2.01
dry	-1.99
cause	-1.97
dumb	-1.97
idiots	-1.96
bitching	-1.96
obnoxious	-1.95
simplistic	-1.95
breaking	-1.94
product	-1.93
rough	-1.93
defending	-1.91
experiencing	-1.91
pissed	-1.9
tears	-1.89
behavior	-1.89
decent	-1.88
toxic	-1.86
among	-1.84
widely	-1.83
tearing	-1.83
menu	-1.83
piss	-1.82
depression	-1.81
disappointment	-1.81
poorly	-1.81
treatment	-1.8
offensive	-1.8
patched	-1.8
assholes	-1.8
pure	-1.78
ruining	-1.78
stuttering	-1.76
fucked	-1.76
crashed	-1.76
mindless	-1.76
releasing	-1.75
blatant	-1.75
lack	-1.74
failure	-1.73
tab	-1.72
management	-1.72
troll	-1.71
attitude	-1.71
kind	-1.7
strange	-1.69
ignorance	-1.69
rushing	-1.69
felt	-1.68
rid	-1.67
usual	-1.67
bf4	-1.67
broke	-1.67
wonder	-1.64
bag	-1.63
violent	-1.62
confused	-1.6
unreasonable	-1.6
justified	-1.6
ruin	-1.6
affected	-1.59
waste	-1.59
sucks	-1.59
reputation	-1.59
coding	-1.58
brutal	-1.58
opposite	-1.58
destroyed	-1.58
ridiculous	-1.58
sees	-1.57
thinks	-1.56
talks	-1.56
justification	-1.56
likes	-1.56
trolls	-1.56
destroying	-1.56
overpriced	-1.55
blindly	-1.55
hurt	-1.55
jarring	-1.54
unfortunate	-1.54
marketing	-1.54
buys	-1.54
hud	-1.54
gets	-1.54
sentiment	-1.53
wants	-1.53
meaningless	-1.52
considering	-1.52
cares	-1.52
finds	-1.52
trivial	-1.52
prove	-1.5
lies	-1.5
issues	-1.5
justify	-1.5
bare	-1.49
knows	-1.49
absurd	-1.48
accepting	-1.48
scheme	-1.48
browser	-1.48
destroy	-1.48
acts	-1.48
tells	-1.47
blame	-1.47
critics	-1.46
idiot	-1.46
simply	-1.46
plays	-1.46
sadly	-1.45
grind	-1.45
publicity	-1.45
reviewed	-1.43
terribly	-1.43
incident	-1.42
fucks	-1.41
flat	-1.41
unless	-1.41
flawed	-1.41
intuitive	-1.4
everyone	-1.4
alpha	-1.39
criticizing	-1.39
lacked	-1.38
criticize	-1.38
ethics	-1.38
silly	-1.38
point	-1.38
frustrating	-1.37
abandoned	-1.37
act	-1.37
otherwise	-1.37
write	-1.36
asshole	-1.36
layout	-1.36
re	-1.35
missing	-1.35
drama	-1.35
deserves	-1.34
mobs	-1.34
screw	-1.33
outrage	-1.33
rape	-1.33
avoided	-1.33
4chan	-1.32
complaining	-1.32
consuming	-1.31
voting	-1.31
smart	-1.31
suicide	-1.31
optimization	-1.31
unfair	-1.31
fixed	-1.31
dealing	-1.31
fish	-1.3
scam	-1.3
consensus	-1.3
received	-1.29
functional	-1.28
grinding	-1.28
disappointing	-1.28
decisions	-1.27
recognition	-1.27
launches	-1.27
implementation	-1.27
hot	-1.26
lying	-1.26
bizarre	-1.26
gt	-1.25
delays	-1.25
moment	-1.25
controversy	-1.25
result	-1.24
threats	-1.24
contrary	-1.24
loses	-1.23
mean	-1.23
pays	-1.23
loot	-1.23
unnecessary	-1.23
empty	-1.23
ruins	-1.22
mental	-1.22
glitches	-1.22
demands	-1.2
written	-1.2
bug	-1.2
backlash	-1.2
system	-1.2
universal	-1.19
compared	-1.18
ios	-1.18
picks	-1.18
dismiss	-1.17
unfortunately	-1.17
changed	-1.16
glitch	-1.16
saying	-1.16
complain	-1.16
controversial	-1.16
condition	-1.16
virtually	-1.16
random	-1.15
sometimes	-1.15
overpowered	-1.15
irrelevant	-1.15
policies	-1.15
shut	-1.15
exposure	-1.15
patching	-1.14
fixing	-1.14
occasional	-1.14
occur	-1.13
fix	-1.13
products	-1.13
breaks	-1.13
movement	-1.13
corporate	-1.12
crime	-1.12
anybody	-1.12
perceived	-1.12
commit	-1.12
enjoys	-1.12
stop	-1.11
scores	-1.11
treat	-1.11
screwed	-1.11
stable	-1.11
advertising	-1.11
flop	-1.11
critical	-1.11
fault	-1.1
clicking	-1.1
calls	-1.1
voted	-1.1
agree	-1.1
explains	-1.1
repeating	-1.09
removal	-1.09
reasoning	-1.09
regarding	-1.08
problems	-1.08
treating	-1.08
quinn	-1.08
frankly	-1.07
avoid	-1.07
zoe	-1.07
reddit	-1.07
destruction	-1.07
tasks	-1.07
being	-1.06
delayed	-1.06
brought	-1.06
cynical	-1.05
ignored	-1.05
else	-1.05
aggressive	-1.05
conspiracy	-1.05
fool	-1.05
nobody	-1.05
extreme	-1.05
complaints	-1.05
rage	-1.04
sub	-1.04
defensive	-1.04
friendly	-1.03
defend	-1.03
understandable	-1.03
addressed	-1.03
functionality	-1.02
launch	-1.02
r/gaming	-1.02
phil	-1.02
happens	-1.02
mention	-1.02
criticism	-1.02
hype	-1.01
true	-1.01
blatantly	-1.01
subreddit	-1.01
pretending	-1.01
worse	-1.0
sake	-1.0
fundamentally	-1.0
mindset	-1.0
dated	-1.0
states	-0.99
r/games	-0.99
mentions	-0.99
turned	-0.99
99	-0.99
total	-0.98
lie	-0.98
he	-0.98
right	-0.98
needs	-0.98
stronger	-0.97
playable	-0.97
receive	-0.97
dick	-0.97
threads	-0.97
betas	-0.97
df	-0.97
morality	-0.96
cared	-0.96
sells	-0.96
companies	-0.96
moral	-0.95
natural	-0.95
attacked	-0.95
vocal	-0.95
warrant	-0.95
told	-0.94
solved	-0.94
gave	-0.94
subreddits	-0.94
corporations	-0.94
talked	-0.94
vote	-0.94
1.0	-0.94
encountered	-0.94
joy	-0.94
dealt	-0.94
prevent	-0.93
commands	-0.93
led	-0.93
discussed	-0.93
wrote	-0.93
outright	-0.93
quickly	-0.93
early	-0.92
script	-0.92
android	-0.92
tablet	-0.91
journalism	-0.91
balancing	-0.91
ranged	-0.91
arbitrary	-0.91
pushed	-0.91
apps	-0.91
burn	-0.91
read	-0.9
resolved	-0.9
pad	-0.9
complicated	-0.9
short	-0.9
gigantic	-0.9
removed	-0.9
anger	-0.89
phone	-0.89
forgive	-0.89
app	-0.89
leads	-0.89
optimized	-0.89
trust	-0.89
goes	-0.89
possibly	-0.89
2.0	-0.89
repeated	-0.89
score	-0.89
pulling	-0.88
spread	-0.88
scroll	-0.88
tries	-0.88
screaming	-0.88
questing	-0.87
access	-0.87
execution	-0.87
harsh	-0.87
quests	-0.87
loading	-0.87
tablets	-0.87
pressure	-0.87
trend	-0.86
begins	-0.86
disadvantage	-0.86
given	-0.86
badly	-0.86
ass	-0.86
lose	-0.86
phones	-0.85
explained	-0.85
weird	-0.85
criticisms	-0.85
issue	-0.85
angry	-0.85
policy	-0.85
devices	-0.85
bitch	-0.85
reaction	-0.85
affects	-0.84
pricing	-0.84
window	-0.84
claiming	-0.84
call	-0.84
process	-0.84
becomes	-0.83
kicking	-0.83
proper	-0.83
accepted	-0.83
businesses	-0.83
preventing	-0.83
powerful	-0.83
deliberately	-0.83
caring	-0.83
whoever	-0.82
fixes	-0.82
anyone	-0.82
simcity	-0.82
porting	-0.82
apple	-0.82
sign	-0.82
according	-0.82
suck	-0.82
intentionally	-0.82
patch	-0.81
report	-0.81
lacks	-0.81
claimed	-0.81
bothers	-0.81
exploit	-0.81
surrounding	-0.81
puts	-0.81
part	-0.81
folks	-0.81
sell	-0.81
discussing	-0.81
negative	-0.81
understand	-0.81
beta	-0.81
reported	-0.81
positive	-0.8
attacking	-0.8
said	-0.8
overhaul	-0.8
weaker	-0.8
explanation	-0.8
iphone	-0.8
articles	-0.8
stated	-0.8
ipad	-0.79
ported	-0.79
polygon	-0.79
client	-0.79
treated	-0.79
select	-0.79
reduce	-0.79
tl	-0.79
laughing	-0.79
twitter	-0.79
reviews	-0.78
matters	-0.78
hostile	-0.78
clicks	-0.78
norm	-0.78
errors	-0.78
himself	-0.78
blog	-0.78
dump	-0.78
valid	-0.78
repeat	-0.78
harm	-0.78
hurting	-0.78
desktop	-0.78
proves	-0.77
truth	-0.77
nerfed	-0.77
impossible	-0.77
pieces	-0.77
polish	-0.77
severely	-0.77
violence	-0.76
burned	-0.76
pretend	-0.76
mob	-0.76
somehow	-0.76
hurts	-0.76
stance	-0.75
article	-0.75
outlets	-0.75
give	-0.74
balls	-0.74
review	-0.74
proof	-0.74
reviewers	-0.74
kotaku	-0.74
yahtzee	-0.74
court	-0.74
experienced	-0.74
wave	-0.74
wins	-0.73
click	-0.73
magazine	-0.73
ignore	-0.73
skipped	-0.73
tactic	-0.73
forums	-0.73
reporting	-0.73
writer	-0.73
linked	-0.73
customer	-0.73
affect	-0.73
occasionally	-0.73
protection	-0.73
cheat	-0.73
downvoted	-0.72
offense	-0.72
misleading	-0.72
realize	-0.72
downvotes	-0.72
topic	-0.72
reviewing	-0.72
appears	-0.71
false	-0.71
reduced	-0.71
knew	-0.71
mentioned	-0.71
luckily	-0.71
topics	-0.71
remembering	-0.71
input	-0.71
critic	-0.71
sheer	-0.71
illegal	-0.7
discussions	-0.7
innocent	-0.7
simplified	-0.7
continues	-0.7
speculation	-0.7
p2w	-0.7
someone	-0.7
journalists	-0.7
standalone	-0.7
happen	-0.7
public	-0.7
ultimately	-0.69
whole	-0.69
reasonable	-0.69
web	-0.69
vac	-0.69
dumbed	-0.69
colonial	-0.69
bored	-0.69
feel	-0.69
stick	-0.69
bias	-0.68
predict	-0.68
pause	-0.68
chaos	-0.68
rant	-0.68
implemented	-0.68
forum	-0.68
tropes	-0.68
user	-0.68
journalist	-0.68
commenting	-0.68
explain	-0.68
stress	-0.68
ubisoft	-0.67
respect	-0.67
patches	-0.67
marines	-0.67
ign	-0.67
task	-0.67
metacritic	-0.67
better	-0.67
awards	-0.67
discuss	-0.67
reviewer	-0.67
lied	-0.67
ubi	-0.67
thing	-0.66
discussion	-0.66
feedback	-0.66
cases	-0.66
drm	-0.66
activities	-0.66
happening	-0.66
clearly	-0.66
relying	-0.66
heavy	-0.66
suggests	-0.66
cheating	-0.66
feels	-0.66
coverage	-0.66
deny	-0.65
news	-0.65
balance	-0.65
explicitly	-0.65
principle	-0.65
desperately	-0.65
piracy	-0.65
posting	-0.65
testing	-0.65
posts	-0.65
acted	-0.65
replaced	-0.65
lines	-0.65
site	-0.64
lesser	-0.64
figure	-0.64
linear	-0.64
rule	-0.64
notice	-0.64
stack	-0.64
speeds	-0.64
steep	-0.64
lost	-0.64
culture	-0.64
necessarily	-0.64
anything	-0.64
spawning	-0.64
sites	-0.64
jokes	-0.64
problem	-0.63
mouse	-0.63
advertisement	-0.63
noting	-0.63
influenced	-0.63
dialog	-0.63
mac	-0.63
consumers	-0.63
accomplish	-0.63
downvote	-0.63
intentional	-0.63
waves	-0.63
patterns	-0.63
punish	-0.63
seemed	-0.62
screens	-0.62
wikipedia	-0.62
receiving	-0.62
case	-0.62
updated	-0.62
pirate	-0.62
websites	-0.62
cheaters	-0.62
here	-0.62
scrapped	-0.62
tear	-0.62
reverse	-0.62
leading	-0.62
related	-0.62
laws	-0.62
ratings	-0.62
platforms	-0.62
removing	-0.62
industry	-0.62
dialogue	-0.61
text	-0.61
effort	-0.61
believe	-0.61
grey	-0.61
altogether	-0.61
guess	-0.61
standard	-0.61
imagine	-0.61
evidence	-0.61
rules	-0.61
pirates	-0.61
suggested	-0.61
towards	-0.61
logical	-0.6
practically	-0.6
ever	-0.6
schedule	-0.6
serve	-0.6
control	-0.6
killing	-0.6
handled	-0.6
embargo	-0.6
mouth	-0.6
nightmare	-0.6
claim	-0.6
attempt	-0.6
debate	-0.6
rush	-0.59
dies	-0.59
yes	-0.59
proven	-0.59
carrying	-0.59
fat	-0.59
notion	-0.59
reading	-0.59
circumstances	-0.59
subjective	-0.58
remove	-0.58
decide	-0.58
tweet	-0.58
surprise	-0.58
segments	-0.58
faster	-0.58
inherently	-0.58
corporation	-0.58
why	-0.58
promise	-0.58
whatever	-0.58
motivation	-0.58
reports	-0.58
stood	-0.58
crying	-0.58
throw	-0.58
care	-0.58
judge	-0.58
abandon	-0.58
fails	-0.58
extent	-0.58
subs	-0.58
problematic	-0.58
assumptions	-0.58
bits	-0.58
argument	-0.57
legitimate	-0.57
carry	-0.57
ac4	-0.57
dayz	-0.57
bar	-0.57
ignoring	-0.57
does	-0.57
net	-0.57
comments	-0.57
depends	-0.57
ceo	-0.57
suddenly	-0.57
ease	-0.57
gamespot	-0.56
sticks	-0.56
frequent	-0.56
missions	-0.56
speed	-0.56
gaming	-0.56
stability	-0.56
praised	-0.56
chose	-0.56
fail	-0.56
disagree	-0.56
entirely	-0.56
initial	-0.56
law	-0.56
upset	-0.55
analog	-0.55
communities	-0.55
murder	-0.55
know	-0.55
believed	-0.55
matter	-0.55
left	-0.55
phase	-0.55
device	-0.55
conditions	-0.55
earned	-0.55
slower	-0.55
struggling	-0.55
somebody	-0.55
see	-0.55
implied	-0.55
mw2	-0.55
delay	-0.54
flag	-0.54
sexist	-0.54
pc	-0.54
today	-0.54
course	-0.54
points	-0.54
fact	-0.54
obviously	-0.54
except	-0.54
posted	-0.54
biggest	-0.54
controlling	-0.54
companion	-0.54
boot	-0.54
advertise	-0.54
jim	-0.54
shareholders	-0.54
argue	-0.54
constant	-0.53
removes	-0.53
assume	-0.53
say	-0.53
everybody	-0.53
selling	-0.53
arguments	-0.53
avoiding	-0.53
concerns	-0.53
present	-0.53
deciding	-0.53
pointed	-0.53
starts	-0.53
massively	-0.53
website	-0.53
did	-0.53
lesson	-0.52
leaves	-0.52
chrome	-0.52
sources	-0.52
statements	-0.52
grab	-0.52
figures	-0.52
impression	-0.52
load	-0.52
honestly	-0.52
situation	-0.52
individuals	-0.52
writers	-0.52
government	-0.52
gained	-0.52
cod4	-0.52
without	-0.52
acknowledge	-0.52
exist	-0.52
any	-0.52
instead	-0.52
claims	-0.52
gripe	-0.52
partially	-0.51
civilians	-0.51
frustration	-0.51
overly	-0.51
current	-0.51
retail	-0.51
consumer	-0.51
knowing	-0.51
minority	-0.51
sue	-0.51
actions	-0.51
clue	-0.51
cod	-0.51
ingame	-0.51
pattern	-0.51
anymore	-0.51
speaks	-0.51
elsewhere	-0.51
curious	-0.51
signed	-0.51
either	-0.51
loose	-0.51
retailers	-0.5
described	-0.5
doesnt	-0.5
grasp	-0.5
asks	-0.5
responsibility	-0.5
zombie	-0.5
slot	-0.5
basically	-0.5
outcome	-0.5
and/or	-0.5
manages	-0.5
stops	-0.5
responsible	-0.5
pirating	-0.5
means	-0.5
against	-0.5
react	-0.5
met	-0.49
thus	-0.49
users	-0.49
surely	-0.49
admittedly	-0.49
begin	-0.49
indication	-0.49
punished	-0.49
mentioning	-0.49
should	-0.49
interview	-0.49
directx	-0.49
sections	-0.49
acting	-0.49
through	-0.49
overwhelming	-0.49
disappear	-0.48
frequently	-0.48
nothing	-0.48
critique	-0.48
goods	-0.48
update	-0.48
streamlined	-0.48
expect	-0.48
unrelated	-0.48
thread	-0.48
talking	-0.48
hand	-0.48
everytime	-0.48
anyway	-0.48
others	-0.48
forever	-0.48
promotion	-0.48
prevalent	-0.48
something	-0.48
mop	-0.48
forget	-0.48
touch	-0.47
copies	-0.47
leveling	-0.47
held	-0.47
furthermore	-0.47
worked	-0.47
them	-0.47
previously	-0.47
bit	-0.47
application	-0.47
links	-0.47
factor	-0.47
reactions	-0.47
actively	-0.47
works	-0.47
down	-0.47
make	-0.47
little	-0.47
flaw	-0.47
provided	-0.47
figured	-0.47
bf3	-0.47
failing	-0.47
fc3	-0.47
who	-0.47
stopping	-0.47
objective	-0.47
happened	-0.47
fill	-0.47
joe	-0.46
pull	-0.46
opinions	-0.46
api	-0.46
attempted	-0.46
throwing	-0.46
meet	-0.46
odd	-0.46
ads	-0.46
surprising	-0.46
assassins	-0.46
mind	-0.46
facts	-0.46
start	-0.46
became	-0.46
training	-0.46
comes	-0.46
delete	-0.46
perception	-0.46
reason	-0.46
microtransactions	-0.46
sudden	-0.45
leave	-0.45
supporting	-0.45
subject	-0.45
we	-0.45
skip	-0.45
components	-0.45
address	-0.45
launching	-0.45
applied	-0.45
doubt	-0.45
theory	-0.45
applications	-0.45
struggle	-0.45
brotherhood	-0.45
latency	-0.45
influence	-0.45
layer	-0.45
shocked	-0.45
computers	-0.45
agenda	-0.45
defense	-0.45
accept	-0.45
introduce	-0.45
success	-0.45
preferred	-0.44
thin	-0.44
delivery	-0.44
discovered	-0.44
irrational	-0.44
assumption	-0.44
stores	-0.44
whenever	-0.44
where	-0.44
fingers	-0.44
spare	-0.44
store	-0.44
buttons	-0.44
penny	-0.44
based	-0.44
internet	-0.44
steamos	-0.44
eventually	-0.44
whats	-0.44
owns	-0.44
dont	-0.44
drag	-0.44
manage	-0.44
profit	-0.44
protect	-0.43
agreement	-0.43
anyways	-0.43
buck	-0.43
monthly	-0.43
opengl	-0.43
updates	-0.43
linux	-0.43
inputs	-0.43
conclusion	-0.43
dunno	-0.43
holes	-0.43
laugh	-0.43
server	-0.43
loss	-0.43
loud	-0.43
shipping	-0.43
change	-0.43
placement	-0.43
goty	-0.42
optimize	-0.42
somewhere	-0.42
disappointed	-0.42
worry	-0.42
bl2	-0.42
pick	-0.42
metric	-0.42
whether	-0.42
customers	-0.42
nor	-0.42
wanted	-0.42
strongly	-0.42
ad	-0.42
contracts	-0.42
unrealistic	-0.42
acceleration	-0.42
literally	-0.42
barely	-0.41
closed	-0.41
tends	-0.41
complaint	-0.41
seem	-0.41
sink	-0.41
windows	-0.41
loyalty	-0.41
switching	-0.41
dependent	-0.41
going	-0.41
overcome	-0.41
translate	-0.41
exactly	-0.41
hassle	-0.41
rather	-0.41
mantle	-0.41
seems	-0.41
ourselves	-0.41
decided	-0.41
hacks	-0.41
awareness	-0.41
arguing	-0.41
minus	-0.41
non	-0.41
joke	-0.41
entirety	-0.41
noticed	-0.41
implement	-0.41
much	-0.41
opinion	-0.41
buying	-0.41
refunds	-0.41
won	-0.4
birds	-0.4
bc2	-0.4
now	-0.4
status	-0.4
wo	-0.4
depend	-0.4
8.1	-0.4
duty	-0.4
sole	-0.4
whatsoever	-0.4
necessary	-0.4
slap	-0.4
profits	-0.4
adam	-0.4
minds	-0.4
qa	-0.4
note	-0.4
measure	-0.4
incorrect	-0.4
contract	-0.4
toward	-0.4
guarantee	-0.4
totalbiscuit	-0.4
restart	-0.39
finger	-0.39
internal	-0.39
romance	-0.39
upgrading	-0.39
button	-0.39
presumably	-0.39
fees	-0.39
benefit	-0.39
noticeable	-0.39
afterwards	-0.39
tell	-0.39
anywhere	-0.39
increasingly	-0.39
expected	-0.39
swap	-0.39
go	-0.39
managing	-0.39
ca	-0.39
learned	-0.39
apart	-0.39
consequences	-0.39
bring	-0.39
stands	-0.39
metro	-0.38
changes	-0.38
ends	-0.38
google	-0.38
may	-0.38
farm	-0.38
duke	-0.38
ops	-0.38
realized	-0.38
cuts	-0.38
tanks	-0.38
disable	-0.38
hackers	-0.38
stock	-0.38
installing	-0.38
regardless	-0.38
releases	-0.38
bodies	-0.38
end-game	-0.38
restrictions	-0.38
exp	-0.38
decision	-0.38
how	-0.38
disabled	-0.37
presented	-0.37
along	-0.37
standards	-0.37
infrastructure	-0.37
wont	-0.37
banned	-0.37
apparently	-0.37
functions	-0.37
knowledge	-0.37
hint	-0.37
albeit	-0.37
dice	-0.37
self	-0.37
normally	-0.37
humor	-0.37
exists	-0.37
holding	-0.37
zombies	-0.37
endgame	-0.37
buy	-0.37
consistent	-0.37
physical	-0.37
log	-0.37
cracked	-0.37
cutting	-0.37
quarter	-0.37
rumor	-0.37
facing	-0.37
money	-0.37
sort	-0.36
code	-0.36
preorders	-0.36
ban	-0.36
censorship	-0.36
person	-0.36
recognize	-0.36
gamers	-0.36
tricks	-0.36
results	-0.36
rip	-0.36
concern	-0.36
trouble	-0.36
capture	-0.36
financial	-0.36
unlike	-0.36
enter	-0.36
provides	-0.36
crash	-0.36
depth	-0.36
surprised	-0.36
fee	-0.36
meta	-0.36
than	-0.36
wrath	-0.36
pcs	-0.36
magically	-0.36
legit	-0.36
involve	-0.36
dates	-0.35
relative	-0.35
downright	-0.35
quote	-0.35
turns	-0.35
uplay	-0.35
thinking	-0.35
inevitable	-0.35
applies	-0.35
pace	-0.35
okay	-0.35
try	-0.35
expectations	-0.35
found	-0.35
copied	-0.35
gathering	-0.35
pulled	-0.35
slightest	-0.35
constantly	-0.35
convince	-0.35
opens	-0.35
reminded	-0.35
mainstream	-0.35
minor	-0.35
implementing	-0.35
determined	-0.35
support	-0.35
assassin	-0.35
inevitably	-0.35
partly	-0.35
logic	-0.35
release	-0.35
watch_dogs	-0.35
come	-0.34
slightly	-0.34
bf	-0.34
mistakes	-0.34
os	-0.34
serves	-0.34
giving	-0.34
rumors	-0.34
updating	-0.34
handles	-0.34
yourself	-0.34
operating	-0.34
programs	-0.34
reasons	-0.34
determine	-0.34
creed	-0.34
d	-0.34
machines	-0.34
average	-0.34
community	-0.34
warfare	-0.34
wasting	-0.34
less	-0.34
collectibles	-0.34
flaws	-0.34
limited	-0.34
merit	-0.34
talk	-0.33
die	-0.33
grown	-0.33
granted	-0.33
messing	-0.33
put	-0.33
stating	-0.33
improve	-0.33
implying	-0.33
nukem	-0.33
subscribe	-0.33
might	-0.33
choice	-0.33
owning	-0.33
things	-0.33
bf2	-0.33
failed	-0.33
downloading	-0.33
regularly	-0.33
seemingly	-0.33
manually	-0.33
work	-0.33
model	-0.33
refused	-0.33
limitations	-0.33
cheaper	-0.33
replace	-0.32
ok	-0.32
charges	-0.32
reflect	-0.32
responded	-0.32
tweaks	-0.32
taken	-0.32
farcry	-0.32
tweak	-0.32
low	-0.32
impressions	-0.32
fraction	-0.32
follow	-0.32
watchdogs	-0.32
wasted	-0.32
quicker	-0.32
made	-0.32
revenue	-0.32
keyboard	-0.32
solve	-0.32
black	-0.32
charge	-0.32
find	-0.32
mostly	-0.32
follows	-0.32
xp	-0.32
distribution	-0.32
pre-ordering	-0.32
ping	-0.32
gains	-0.32
involved	-0.31
charged	-0.31
marketplace	-0.31
origin	-0.31
beginning	-0.31
driver	-0.31
eh	-0.31
cut	-0.31
break	-0.31
enough	-0.31
chosen	-0.31
then	-0.31
bother	-0.31
full	-0.31
paid	-0.31
existed	-0.31
pocket	-0.31
gain	-0.31
impact	-0.31
pre-orders	-0.31
unable	-0.31
fair	-0.31
introducing	-0.31
therefore	-0.31
relies	-0.31
movements	-0.31
daily	-0.31
dime	-0.31
ebay	-0.31
confirmation	-0.31
brain	-0.31
relevant	-0.31
needing	-0.31
maybe	-0.31
hacked	-0.31
forgetting	-0.31
choices	-0.31
attempting	-0.31
funny	-0.31
rarely	-0.31
manufacturers	-0.3
crafting	-0.3
off	-0.3
login	-0.3
pirated	-0.3
by	-0.3
beyond	-0.3
payed	-0.3
personally	-0.3
conversation	-0.3
crack	-0.3
increase	-0.3
factors	-0.3
drops	-0.3
spending	-0.3
rent	-0.3
probably	-0.3
description	-0.3
trading	-0.3
deaths	-0.3
earn	-0.3
preordering	-0.3
confusion	-0.3
costs	-0.3
particular	-0.3
wouldnt	-0.3
manager	-0.3
intention	-0.3
greater	-0.3
decline	-0.3
connection	-0.3
sides	-0.3
strict	-0.3
gives	-0.3
unity	-0.3
quick	-0.3
sensitive	-0.3
digital	-0.3
losses	-0.29
amazon	-0.29
laid	-0.29
doing	-0.29
spoil	-0.29
opened	-0.29
consequence	-0.29
move	-0.29
drivers	-0.29
mods	-0.29
warning	-0.29
saves	-0.29
denying	-0.29
take	-0.29
attempts	-0.29
register	-0.29
utterly	-0.29
return	-0.29
permanently	-0.29
ll	-0.29
trick	-0.29
heck	-0.29
investors	-0.28
largely	-0.28
battery	-0.28
merits	-0.28
popping	-0.28
obscure	-0.28
minimal	-0.28
increasing	-0.28
judgement	-0.28
generate	-0.28
society	-0.28
switch	-0.28
catch	-0.28
again	-0.28
worried	-0.28
yet	-0.28
line	-0.28
disc	-0.28
activity	-0.28
currency	-0.28
mainly	-0.28
compatibility	-0.28
spend	-0.28
numbers	-0.28
flip	-0.28
supports	-0.28
publishers	-0.28
learning	-0.28
income	-0.28
convenience	-0.28
biased	-0.28
masses	-0.27
perhaps	-0.27
progression	-0.27
offended	-0.27
free-to-play	-0.27
cant	-0.27
caught	-0.27
weakest	-0.27
bots	-0.27
author	-0.27
hold	-0.27
inherent	-0.27
sold	-0.27
besides	-0.27
install	-0.27
political	-0.27
0	-0.27
supported	-0.27
competitors	-0.27
mini	-0.27
skipping	-0.27
tb	-0.27
downloads	-0.27
certainly	-0.27
swords	-0.27
immediately	-0.27
themselves	-0.27
atleast	-0.27
which	-0.27
proprietary	-0.27
completely	-0.27
worth	-0.27
somewhat	-0.27
cost	-0.27
refund	-0.27
development	-0.26
downloaded	-0.26
reset	-0.26
represent	-0.26
loaded	-0.26
replacing	-0.26
meeting	-0.26
followed	-0.26
helps	-0.26
awakening	-0.26
confirmed	-0.26
discs	-0.26
forced	-0.26
enable	-0.26
afford	-0.26
advertised	-0.26
equal	-0.26
camera	-0.26
cancer	-0.26
need	-0.26
increases	-0.26
handle	-0.26
survive	-0.26
encourage	-0.26
way	-0.26
section	-0.26
sellers	-0.26
feed	-0.26
paywall	-0.26
installed	-0.26
enabled	-0.26
test	-0.25
randomly	-0.25
spawns	-0.25
noted	-0.25
account	-0.25
real	-0.25
wait	-0.25
services	-0.25
learn	-0.25
replacement	-0.25
paper	-0.25
password	-0.25
pages	-0.25
continued	-0.25
covering	-0.25
becoming	-0.25
admit	-0.25
covered	-0.25
lock	-0.25
tested	-0.25
ripped	-0.25
digitally	-0.25
glad	-0.25
youtubers	-0.25
handhelds	-0.25
connections	-0.25
limiting	-0.25
extension	-0.25
supply	-0.25
sexual	-0.25
optional	-0.25
turn	-0.25
requires	-0.25
gog	-0.25
relation	-0.25
operate	-0.25
sword	-0.25
gen	-0.25
offer	-0.25
will	-0.25
expectation	-0.24
spam	-0.24
improves	-0.24
basis	-0.24
editing	-0.24
understanding	-0.24
perform	-0.24
automatically	-0.24
subscription	-0.24
download	-0.24
rating	-0.24
despite	-0.24
relate	-0.24
slight	-0.24
gfwl	-0.24
comedy	-0.24
potentially	-0.24
opponents	-0.24
though	-0.24
company	-0.24
makes	-0.24
slowly	-0.24
codes	-0.24
stand	-0.24
didnt	-0.24
subscribers	-0.24
preference	-0.24
fast	-0.24
nowadays	-0.24
scenario	-0.24
returning	-0.24
losing	-0.24
continue	-0.24
statistics	-0.23
stealing	-0.23
involves	-0.23
farming	-0.23
brick	-0.23
views	-0.23
official	-0.23
visit	-0.23
titanfall	-0.23
faith	-0.23
service	-0.23
market	-0.23
turning	-0.23
weight	-0.23
artificial	-0.23
simpler	-0.23
requirements	-0.23
trying	-0.23
forcing	-0.23
hands	-0.23
bank	-0.23
serious	-0.23
throws	-0.23
guy	-0.23
gamestop	-0.23
hence	-0.23
analysis	-0.23
considerably	-0.23
associated	-0.23
locking	-0.23
transactions	-0.23
steam	-0.23
charging	-0.23
panel	-0.23
videogames	-0.23
directly	-0.23
gamer	-0.23
heat	-0.23
shops	-0.23
rest	-0.22
payment	-0.22
ended	-0.22
rational	-0.22
planned	-0.22
software	-0.22
directed	-0.22
sales	-0.22
parties	-0.22
adapt	-0.22
prior	-0.22
side	-0.22
hell	-0.22
servers	-0.22
us	-0.22
paragraph	-0.22
easier	-0.22
closing	-0.22
ghost	-0.22
par	-0.22
deals	-0.22
additionally	-0.22
cash	-0.22
entire	-0.22
activate	-0.22
time	-0.21
integrity	-0.21
monopoly	-0.21
ensure	-0.21
million	-0.21
media	-0.21
suggesting	-0.21
economy	-0.21
use	-0.21
conflict	-0.21
refuse	-0.21
intend	-0.21
refresh	-0.21
infinity	-0.21
sync	-0.21
tax	-0.21
typical	-0.21
timing	-0.21
repeatedly	-0.21
choose	-0.21
bloody	-0.21
setup	-0.21
gamepad	-0.21
stayed	-0.21
ai	-0.21
actually	-0.21
ball	-0.21
assist	-0.21
pressing	-0.21
confirm	-0.2
let	-0.2
likely	-0.2
help	-0.2
civil	-0.2
flash	-0.2
offering	-0.2
keys	-0.2
requiring	-0.2
execute	-0.2
bigger	-0.2
purchasing	-0.2
producing	-0.2
email	-0.2
percent	-0.2
plane	-0.2
legal	-0.2
xiii	-0.2
priced	-0.2
consider	-0.2
strong	-0.2
progress	-0.2
copyright	-0.2
key	-0.2
hosting	-0.2
below	-0.2
signs	-0.2
neutral	-0.2
overhead	-0.2
quest	-0.2
lets	-0.2
bases	-0.2
offered	-0.19
gold	-0.19
cheap	-0.19
often	-0.19
shop	-0.19
tied	-0.19
spawn	-0.19
premium	-0.19
want	-0.19
identify	-0.19
host	-0.19
lower	-0.19
resources	-0.19
hope	-0.19
handheld	-0.19
could	-0.19
gap	-0.19
shorter	-0.19
eu	-0.19
participate	-0.19
twitch	-0.19
frames	-0.19
theres	-0.19
radar	-0.19
exchange	-0.19
communication	-0.19
frame	-0.19
computer	-0.19
link	-0.19
deleted	-0.19
requirement	-0.19
smoother	-0.19
precision	-0.19
blur	-0.19
valve	-0.19
making	-0.19
him	-0.19
planning	-0.19
boat	-0.18
lot	-0.18
gaining	-0.18
improving	-0.18
mandatory	-0.18
dlcs	-0.18
produce	-0.18
realizing	-0.18
always	-0.18
towers	-0.18
responses	-0.18
promote	-0.18
imply	-0.18
middle	-0.18
npc	-0.18
kick	-0.18
also	-0.18
ssd	-0.18
anytime	-0.18
rust	-0.18
wallet	-0.18
zero	-0.18
riding	-0.18
patience	-0.18
mage	-0.18
maintaining	-0.18
dropping	-0.18
providing	-0.18
solely	-0.18
machine	-0.18
in-game	-0.18
sure	-0.18
tastes	-0.18
post	-0.18
commercial	-0.18
price	-0.18
usd	-0.18
once	-0.18
handed	-0.18
tag	-0.18
bot	-0.18
existence	-0.18
plan	-0.18
starting	-0.17
battlefield	-0.17
traded	-0.17
95	-0.17
hide	-0.17
function	-0.17
heavily	-0.17
managed	-0.17
caps	-0.17
delivering	-0.17
rely	-0.17
network	-0.17
everything	-0.17
mages	-0.17
ones	-0.17
john	-0.17
xbl	-0.17
sooner	-0.17
versions	-0.17
bandwidth	-0.17
wiki	-0.17
compatible	-0.17
personal	-0.17
efforts	-0.16
search	-0.16
unlimited	-0.16
sorta	-0.16
salt	-0.16
integration	-0.16
however	-0.16
platform	-0.16
accounts	-0.16
active	-0.16
moved	-0.16
content	-0.16
coins	-0.16
same	-0.16
bothered	-0.16
far	-0.16
prices	-0.16
require	-0.16
stays	-0.16
wanting	-0.16
order	-0.16
limit	-0.16
professional	-0.16
discounted	-0.16
enemy	-0.15
seek	-0.15
discounts	-0.15
cycle	-0.15
indeed	-0.15
shelf	-0.15
changing	-0.15
developing	-0.15
<SPECIAL>	-0.15
<URL>	-0.15
done	-0.15
communicate	-0.15
dodging	-0.15
combat	-0.15
investment	-0.15
specifically	-0.15
police	-0.15
purchased	-0.15
save	-0.15
politics	-0.15
label	-0.15
already	-0.15
truck	-0.15
rated	-0.15
maximum	-0.15
option	-0.15
opening	-0.14
yearly	-0.14
press	-0.14
cutscene	-0.14
proved	-0.14
production	-0.14
free	-0.14
high	-0.14
assuming	-0.14
units	-0.14
idea	-0.14
horse	-0.14
finally	-0.14
hair	-0.14
slots	-0.14
consideration	-0.14
curiosity	-0.14
minimum	-0.14
locked	-0.14
censored	-0.14
officially	-0.14
spoiled	-0.14
ask	-0.14
bars	-0.14
popularity	-0.14
forgotten	-0.14
remote	-0.14
steal	-0.13
curse	-0.13
na	-0.13
deliver	-0.13
paying	-0.13
suppose	-0.13
apply	-0.13
performing	-0.13
notable	-0.13
shortly	-0.13
lead	-0.13
boosts	-0.13
australian	-0.13
kinda	-0.13
raised	-0.13
bunch	-0.13
choosing	-0.13
allowed	-0.13
developed	-0.13
crush	-0.13
orders	-0.13
isnt	-0.13
pain	-0.13
dual	-0.13
respawn	-0.13
wod	-0.13
bomb	-0.13
cents	-0.13
went	-0.13
provide	-0.13
data	-0.13
become	-0.13
immediate	-0.13
billion	-0.13
cd	-0.13
me1	-0.13
next	-0.13
introduction	-0.13
runescape	-0.13
soon	-0.13
information	-0.13
heists	-0.13
dollar	-0.13
legs	-0.13
until	-0.13
adjust	-0.12
request	-0.12
develop	-0.12
pay	-0.12
gem	-0.12
needed	-0.12
greenlight	-0.12
barrier	-0.12
holiday	-0.12
expansion	-0.12
improvement	-0.12
discount	-0.12
file	-0.12
moving	-0.12
boost	-0.12
bundles	-0.12
countries	-0.12
fuck	-0.12
ridiculously	-0.12
resource	-0.12
straight	-0.12
yours	-0.12
margin	-0.12
asked	-0.12
definitely	-0.12
month	-0.12
majority	-0.12
released	-0.12
nvidia	-0.12
pve	-0.12
trade	-0.12
import	-0.12
multiplatform	-0.12
although	-0.12
uk	-0.12
objectives	-0.12
end	-0.12
demand	-0.12
mistaken	-0.11
expensive	-0.11
building	-0.11
awhile	-0.11
theirs	-0.11
added	-0.11
motion	-0.11
usually	-0.11
upon	-0.11
alot	-0.11
collecting	-0.11
ammo	-0.11
publish	-0.11
sum	-0.11
preorder	-0.11
their	-0.11
warframe	-0.11
pre-order	-0.11
scene	-0.11
instance	-0.11
messages	-0.11
devs	-0.11
permanent	-0.11
during	-0.11
involving	-0.11
potential	-0.11
spamming	-0.11
developers	-0.11
balanced	-0.11
hop	-0.11
page	-0.11
bc	-0.11
effectively	-0.11
precise	-0.11
sometime	-0.11
controlled	-0.11
were	-0.11
advantage	-0.11
interest	-0.11
pre-ordered	-0.11
stopped	-0.11
especially	-0.11
belong	-0.11
cheats	-0.11
never	-0.11
worrying	-0.1
after	-0.1
aiming	-0.1
earlier	-0.1
encourages	-0.1
objectively	-0.1
purpose	-0.1
x86	-0.1
im	-0.1
passes	-0.1
discover	-0.1
view	-0.1
smarter	-0.1
dollars	-0.1
cosmetics	-0.1
hdd	-0.1
sticking	-0.1
suspect	-0.1
charity	-0.1
using	-0.1
utilize	-0.1
acquire	-0.1
humble	-0.1
kill	-0.1
portion	-0.1
canada	-0.1
realised	-0.1
hopefully	-0.1
dropped	-0.1
promises	-0.1
disk	-0.1
remains	-0.1
your	-0.1
edges	-0.1
i.e	-0.1
extra	-0.1
credits	-0.09
clock	-0.09
candy	-0.09
eyes	-0.09
manual	-0.09
default	-0.09
ride	-0.09
spent	-0.09
thankfully	-0.09
maintain	-0.09
hack	-0.09
aside	-0.09
study	-0.09
references	-0.09
region	-0.09
vehicles	-0.09
pass	-0.09
hardline	-0.09
letting	-0.09
indies	-0.09
ea	-0.09
buyers	-0.09
completion	-0.09
growth	-0.09
date	-0.09
interests	-0.08
another	-0.08
periods	-0.08
taste	-0.08
got	-0.08
later	-0.08
fundamental	-0.08
increased	-0.08
responding	-0.08
stage	-0.08
originally	-0.08
sent	-0.08
runs	-0.08
gabe	-0.08
controller	-0.08
favor	-0.08
featured	-0.08
regret	-0.08
shares	-0.08
markets	-0.08
punishing	-0.08
australia	-0.08
joking	-0.08
sale	-0.08
micro	-0.08
waited	-0.08
round	-0.07
regions	-0.07
cap	-0.07
viewers	-0.07
d3	-0.07
built	-0.07
editor	-0.07
before	-0.07
sunk	-0.07
germany	-0.07
punch	-0.07
blocked	-0.07
distinction	-0.07
limits	-0.07
timer	-0.07
growing	-0.07
quit	-0.07
bucks	-0.07
wired	-0.07
whom	-0.07
seriously	-0.07
cup	-0.07
offers	-0.07
launched	-0.07
rig	-0.07
ending	-0.07
takes	-0.07
da	-0.06
peak	-0.06
organization	-0.06
legitimately	-0.06
face	-0.06
analogy	-0.06
segment	-0.06
structure	-0.06
difficult	-0.06
incentive	-0.06
liked	-0.06
netflix	-0.06
gearbox	-0.06
teammates	-0.06
usa	-0.06
physically	-0.06
logged	-0.06
supposedly	-0.06
plug	-0.06
transfer	-0.06
recall	-0.06
instant	-0.06
cosmetic	-0.06
uses	-0.06
activision	-0.06
siege	-0.06
wireless	-0.06
continuing	-0.06
into	-0.06
oot	-0.06
actor	-0.05
f2p	-0.05
express	-0.05
benefits	-0.05
private	-0.05
o	-0.05
seconds	-0.05
exclusivity	-0.05
copy	-0.05
blood	-0.05
till	-0.05
gon	-0.05
difference	-0.05
via	-0.05
teamwork	-0.05
stuck	-0.05
grow	-0.05
weekly	-0.05
currently	-0.05
momentum	-0.05
arm	-0.05
perspective	-0.05
unlock	-0.05
gems	-0.05
healthy	-0.05
stolen	-0.05
contribute	-0.05
philosophy	-0.05
sli	-0.05
pushing	-0.05
suggestion	-0.05
tvs	-0.05
consoles	-0.05
downside	-0.04
credit	-0.04
further	-0.04
external	-0.04
ps	-0.04
instantly	-0.04
throughout	-0.04
known	-0.04
packs	-0.04
role	-0.04
drastically	-0.04
able	-0.04
examples	-0.04
fairly	-0.04
basic	-0.04
none	-0.04
degree	-0.04
too	-0.04
timeline	-0.04
hours	-0.04
purely	-0.04
guilty	-0.04
limitation	-0.04
totally	-0.04
head	-0.04
thats	-0.04
dreams	-0.04
opponent	-0.04
connected	-0.04
mmos	-0.04
program	-0.04
alternatives	-0.04
speech	-0.04
push	-0.04
strength	-0.04
pre	-0.03
comparison	-0.03
massive	-0.03
dirt	-0.03
75	-0.03
indicate	-0.03
steady	-0.03
screen	-0.03
tomorrow	-0.03
armor	-0.03
fewer	-0.03
forth	-0.03
triple	-0.03
she	-0.03
began	-0.03
ready	-0.03
death	-0.03
competitor	-0.03
peoples	-0.03
dlc	-0.03
details	-0.03
strikes	-0.03
thoughts	-0.03
situations	-0.03
october	-0.03
usage	-0.03
board	-0.03
happily	-0.03
flow	-0.03
bridge	-0.03
steps	-0.03
largest	-0.03
shields	-0.03
maps	-0.03
specs	-0.03
portable	-0.02
goal	-0.02
clone	-0.02
frustrated	-0.02
loads	-0.02
getting	-0.02
tricky	-0.02
interviews	-0.02
chance	-0.02
extremely	-0.02
storage	-0.02
latest	-0.02
podcast	-0.02
south	-0.02
engage	-0.02
took	-0.02
town	-0.02
incredibly	-0.02
values	-0.02
remaining	-0.02
simulator	-0.02
gotten	-0.02
houses	-0.02
channels	-0.02
helped	-0.02
capital	-0.01
traffic	-0.01
channel	-0.01
america	-0.01
figuring	-0.01
garden	-0.01
back	-0.01
career	-0.01
10/10	-0.01
auction	-0.01
tactical	-0.01
purchase	-0.01
makers	-0.01
waiting	-0.01
c	-0.01
common	-0.01
blocking	-0.01
months	-0.01
hitting	-0.01
me3	-0.01
sending	-0.01
intel	-0.01
companions	-0.01
psn	-0.01
sequences	-0.01
saving	-0.01
hour	-0.01
december	-0.01
fake	-0.01
population	-0.01
winter	-0.01
brand	-0.01
employee	-0.01
me2	-0.01
tribes	-0.01
behind	-0.01
contact	-0.01
2014	-0.01
away	-0.01
wow	-0.01
rate	-0.01
significant	-0.01
interpretation	-0.01
social	-0.01
send	-0.01
directions	-0.01
walk	-0.0
fired	-0.0
global	-0.0
cores	-0.0
korean	-0.0
curve	-0.0
matchmaking	-0.0
escape	-0.0
minutes	-0.0
vanilla	-0.0
tiny	-0.0
entertainment	-0.0
wild	-0.0
streaming	-0.0
collect	-0.0
options	-0.0
roughly	-0.0
succeed	-0.0
designed	0.0
sense	0.0
backers	0.0
minute	0.0
standing	0.0
describe	0.0
til	0.0
playerbase	0.0
build	0.0
heads	0.0
europe	0.0
infantry	0.0
blacklist	0.0
architecture	0.0
whose	0.0
relatively	0.0
allowing	0.0
heard	0.0
guard	0.0
i5	0.0
intro	0.0
path	0.0
chunk	0.0
legally	0.01
confidence	0.01
percentage	0.01
viewing	0.01
gladly	0.01
profile	0.01
significantly	0.01
ago	0.01
years	0.01
per	0.01
bioware	0.01
remember	0.01
spirit	0.01
supposed	0.01
enemies	0.01
responsive	0.01
cover	0.01
tags	0.01
inclined	0.01
worries	0.01
small	0.01
generation	0.01
excitement	0.01
year	0.01
executed	0.01
shift	0.01
hiding	0.01
unlocks	0.01
wildstar	0.01
lobby	0.01
memory	0.01
answer	0.01
longer	0.01
gb	0.01
items	0.01
march	0.01
publicly	0.02
component	0.02
bundle	0.02
brings	0.02
attract	0.02
advantages	0.02
rolling	0.02
npcs	0.02
explaining	0.02
allow	0.02
ability	0.02
pack	0.02
hardware	0.02
season	0.02
2015	0.02
recent	0.02
saved	0.02
cloud	0.02
women	0.02
gather	0.02
nature	0.02
run	0.02
long	0.02
days	0.02
shooters	0.02
hook	0.02
friday	0.02
cutscenes	0.02
surface	0.02
rotation	0.02
guards	0.02
raiding	0.02
solution	0.02
expanding	0.03
amd	0.03
funds	0.03
card	0.03
pvp	0.03
competition	0.03
dungeons	0.03
still	0.03
threat	0.03
november	0.03
goat	0.03
having	0.03
developer	0.03
attack	0.03
guaranteed	0.03
annoyed	0.03
dolphin	0.03
winning	0.03
hdmi	0.03
office	0.03
actors	0.03
controllers	0.03
evolved	0.03
successfully	0.03
lives	0.03
russia	0.03
typically	0.03
combo	0.03
potions	0.03
y	0.03
research	0.03
hints	0.03
jumps	0.03
funding	0.03
workshop	0.03
connect	0.03
towns	0.03
smaller	0.03
80	0.03
package	0.03
convenient	0.03
competing	0.03
french	0.04
lifetime	0.04
used	0.04
foot	0.04
watch	0.04
voice	0.04
january	0.04
position	0.04
our	0.04
summer	0.04
players	0.04
delivered	0.04
instances	0.04
suggest	0.04
outside	0.04
obvious	0.04
capacity	0.04
exclusively	0.04
china	0.04
appeared	0.04
april	0.04
day	0.04
shield	0.04
merely	0.04
june	0.04
youtube	0.04
focusing	0.04
under	0.04
4gb	0.04
achieved	0.04
tutorial	0.04
answered	0.04
streams	0.04
bottom	0.04
files	0.04
cops	0.04
dr	0.04
dramatically	0.04
essentially	0.04
e.g	0.04
question	0.05
taking	0.05
titles	0.05
buff	0.05
titan	0.05
plot	0.05
fps	0.05
aa	0.05
shape	0.05
places	0.05
door	0.05
90	0.05
counter	0.05
harder	0.05
fell	0.05
ship	0.05
goals	0.05
entering	0.05
brief	0.05
late	0.05
weeks	0.05
cultural	0.05
insanely	0.05
bay	0.05
match	0.05
usb	0.05
monitors	0.05
upload	0.05
passive	0.05
wan	0.05
sprint	0.06
poster	0.06
least	0.06
twilight	0.06
champion	0.06
rome	0.06
win	0.06
cancel	0.06
ac	0.06
higher	0.06
kickstarter	0.06
location	0.06
promised	0.06
period	0.06
profitable	0.06
above	0.06
drive	0.06
solutions	0.06
hp	0.06
clarify	0.06
possibility	0.06
unlocking	0.06
floor	0.06
apparent	0.06
remotely	0.06
mid	0.06
heart	0.06
agent	0.06
underground	0.06
miles	0.06
own	0.06
allows	0.06
describing	0.06
dvd	0.06
essential	0.06
fate	0.06
commentary	0.06
respond	0.06
burning	0.06
vague	0.06
feature	0.07
i7	0.07
been	0.07
b	0.07
millions	0.07
reload	0.07
degrees	0.07
dare	0.07
gw2	0.07
boxes	0.07
leader	0.07
checked	0.07
primary	0.07
invest	0.07
eg	0.07
encouraged	0.07
z	0.07
teleport	0.07
min	0.07
ways	0.07
response	0.07
crowd	0.07
corner	0.07
appropriate	0.07
princess	0.07
major	0.07
purchases	0.07
playtime	0.07
conversations	0.07
health	0.07
victory	0.07
newer	0.07
kinect	0.07
shoot	0.07
add	0.07
soldiers	0.07
finding	0.07
pa	0.07
property	0.07
mask	0.07
chase	0.07
leaving	0.08
quite	0.08
block	0.08
questions	0.08
pools	0.08
swing	0.08
presence	0.08
wipe	0.08
400	0.08
called	0.08
north	0.08
vehicle	0.08
employees	0.08
only	0.08
rounds	0.08
separately	0.08
sized	0.08
licensing	0.08
shepard	0.08
kills	0.08
feet	0.08
cop	0.08
around	0.08
fashion	0.08
gay	0.08
cable	0.08
share	0.09
budgets	0.09
raise	0.09
west	0.09
ill	0.09
mad	0.09
intended	0.09
70	0.09
ram	0.09
reached	0.09
japan	0.09
lately	0.09
reality	0.09
lt	0.09
squad	0.09
streamers	0.09
east	0.09
defeat	0.09
covers	0.09
important	0.09
roll	0.09
naturally	0.09
w	0.09
interact	0.09
required	0.09
gtx	0.09
aim	0.09
studios	0.09
creators	0.09
blocks	0.09
hard	0.09
4th	0.09
interacting	0.09
chris	0.09
2007	0.09
nowhere	0.09
sport	0.1
area	0.1
2006	0.1
draw	0.1
rights	0.1
forces	0.1
2011	0.1
chest	0.1
2010	0.1
arguably	0.1
very	0.1
carried	0.1
times	0.1
cards	0.1
huge	0.1
skins	0.1
had	0.1
60	0.1
2009	0.1
handling	0.1
lasted	0.1
investing	0.1
ocarina	0.1
tbh	0.1
korea	0.1
casual	0.1
cater	0.1
rewards	0.1
deal	0.1
depending	0.11
dodge	0.11
modded	0.11
cell	0.11
staff	0.11
ownership	0.11
lists	0.11
fund	0.11
modders	0.11
2005	0.11
vastly	0.11
publisher	0.11
falling	0.11
buildings	0.11
future	0.11
shooting	0.11
documentary	0.11
basics	0.11
tonight	0.11
intent	0.11
melee	0.11
horde	0.11
r	0.11
searching	0.11
raids	0.11
sp	0.11
pistol	0.11
reliable	0.11
splinter	0.11
2008	0.11
walked	0.11
dogs	0.11
letter	0.11
expansions	0.12
ms	0.12
ffxiv	0.12
angle	0.12
microsoft	0.12
hugely	0.12
raid	0.12
missed	0.12
t	0.12
dedicated	0.12
trial	0.12
european	0.12
week	0.12
hardcore	0.12
doors	0.12
modding	0.12
600	0.12
bonus	0.12
identity	0.12
purposes	0.12
contains	0.12
level	0.12
chasing	0.12
achievements	0.12
license	0.12
positions	0.12
department	0.12
fyi	0.12
guilds	0.13
military	0.13
1st	0.13
2013	0.13
materials	0.13
tank	0.13
ti	0.13
switched	0.13
coming	0.13
titans	0.13
tree	0.13
translation	0.13
grenades	0.13
ceiling	0.13
fov	0.13
skill	0.13
cold	0.13
jumping	0.13
sony	0.13
targets	0.13
camp	0.13
past	0.13
trademark	0.13
operation	0.13
focuses	0.13
500	0.13
pm	0.13
launcher	0.13
plans	0.13
sit	0.13
running	0.14
2k	0.14
hl3	0.14
animals	0.14
size	0.14
mod	0.14
f	0.14
scratch	0.14
atm	0.14
programmers	0.14
place	0.14
live	0.14
bonuses	0.14
available	0.14
tool	0.14
jet	0.14
jack	0.14
wildly	0.14
desire	0.14
gta5	0.14
matches	0.14
bullets	0.14
mr	0.14
eso	0.14
hardly	0.14
leveled	0.14
christmas	0.14
yesterday	0.14
inside	0.14
sequence	0.14
events	0.14
hired	0.14
pros	0.15
helping	0.15
witch	0.15
teams	0.15
body	0.15
bear	0.15
bow	0.15
manner	0.15
rockstar	0.15
hire	0.15
consistently	0.15
budget	0.15
big	0.15
100	0.15
thrown	0.15
direct	0.15
morning	0.15
d2	0.15
working	0.15
announce	0.15
revelations	0.15
completing	0.15
ama	0.15
seen	0.15
adding	0.15
team	0.15
remind	0.15
financially	0.15
jump	0.15
gc	0.15
e	0.15
army	0.15
vram	0.15
systems	0.15
paced	0.15
gift	0.15
sight	0.15
listed	0.16
30fps	0.16
keep	0.16
deck	0.16
judging	0.16
generally	0.16
check	0.16
stretch	0.16
zone	0.16
realise	0.16
achieve	0.16
runes	0.16
arent	0.16
groups	0.16
food	0.16
hidden	0.16
mechs	0.16
queue	0.16
2000	0.16
starter	0.16
security	0.16
campaigns	0.16
accessible	0.16
eat	0.16
reaching	0.16
capable	0.16
careful	0.16
convincing	0.16
visible	0.16
dying	0.16
putting	0.16
guild	0.16
hanging	0.16
csgo	0.16
substantial	0.16
transition	0.16
passing	0.16
traps	0.16
emphasis	0.17
champions	0.17
last	0.17
rifles	0.17
bungie	0.17
dash	0.17
watching	0.17
answers	0.17
info	0.17
lvl	0.17
hole	0.17
fifa	0.17
genuine	0.17
international	0.17
damage	0.17
recently	0.17
next-gen	0.17
robots	0.17
over	0.17
appeal	0.17
spec	0.17
amongst	0.17
desert	0.17
monitor	0.17
focus	0.17
luck	0.17
filled	0.17
hunting	0.17
targeting	0.18
120	0.18
programmer	0.18
center	0.18
alliance	0.18
studio	0.18
event	0.18
reward	0.18
men	0.18
feeling	0.18
jeff	0.18
named	0.18
ve	0.18
modified	0.18
stream	0.18
backing	0.18
restricted	0.18
programming	0.18
opposed	0.18
gpu	0.18
aw	0.18
competent	0.18
ships	0.18
large	0.18
independent	0.18
fuel	0.18
mp	0.18
collector	0.18
arrows	0.18
framerates	0.18
300	0.19
improved	0.19
box	0.19
processor	0.19
unit	0.19
pilot	0.19
context	0.19
method	0.19
must	0.19
adapter	0.19
acquired	0.19
seller	0.19
ups	0.19
owned	0.19
attacks	0.19
implies	0.19
poe	0.19
water	0.19
guide	0.19
drives	0.19
sneaking	0.19
upgrade	0.19
1000	0.19
chess	0.19
magical	0.19
sex	0.19
chat	0.2
sim	0.2
videos	0.2
funded	0.2
refer	0.2
hobby	0.2
features	0.2
scaling	0.2
exclusives	0.2
michael	0.2
publishing	0.2
passed	0.2
hiring	0.2
decks	0.2
seeing	0.2
360	0.2
realistically	0.2
mana	0.2
feelings	0.2
walking	0.2
across	0.2
sneak	0.2
tiers	0.2
decade	0.2
accidentally	0.2
shared	0.2
ut	0.2
pool	0.2
shooter	0.2
format	0.21
ww2	0.21
swear	0.21
parkour	0.21
trigger	0.21
force	0.21
matched	0.21
expand	0.21
decently	0.21
audience	0.21
forms	0.21
tools	0.21
chip	0.21
sizes	0.21
representative	0.21
almost	0.21
gun	0.21
tried	0.21
jobs	0.21
encounter	0.21
forest	0.21
esports	0.21
explored	0.21
announced	0.21
id	0.21
map	0.22
crew	0.22
x	0.22
sitting	0.22
trophies	0.22
eq	0.22
2nd	0.22
imagination	0.22
suggestions	0.22
owners	0.22
mining	0.22
shots	0.22
published	0.22
strategic	0.22
relationship	0.22
sniper	0.22
cross	0.22
vary	0.22
english	0.22
prison	0.22
shot	0.22
oblivion	0.22
group	0.22
walls	0.22
episodes	0.22
territory	0.22
omg	0.22
secret	0.22
cities	0.22
opportunity	0.23
tournament	0.23
hub	0.23
counting	0.23
included	0.23
editions	0.23
temple	0.23
comparable	0.23
cancelled	0.23
simultaneously	0.23
gender	0.23
grenade	0.23
leagues	0.23
tournaments	0.23
paths	0.23
stealth	0.23
preordered	0.23
odds	0.23
2012	0.23
suited	0.23
myself	0.23
xbox	0.23
arrow	0.23
weapon	0.23
guides	0.23
stay	0.23
invested	0.23
audiences	0.23
unlocked	0.24
4k	0.24
fall	0.24
everyday	0.24
dungeon	0.24
direction	0.24
started	0.24
rng	0.24
target	0.24
q	0.24
mine	0.24
compete	0.24
sports	0.24
endless	0.24
produced	0.24
adds	0.24
teach	0.24
realm	0.24
air	0.24
arms	0.24
equipment	0.24
chief	0.24
item	0.24
extensive	0.24
healing	0.24
marketed	0.24
source	0.24
afaik	0.24
60fps	0.24
firing	0.24
differences	0.24
aka	0.24
comment	0.24
tv	0.24
travel	0.24
approach	0.24
appear	0.24
stat	0.24
remakes	0.24
near	0.24
console	0.25
efficient	0.25
freely	0.25
3rd	0.25
emulators	0.25
challenges	0.25
ps4	0.25
sea	0.25
kicked	0.25
32	0.25
russian	0.25
larger	0.25
rifle	0.25
200	0.25
blizzard	0.25
upgrades	0.25
strictly	0.25
demographic	0.25
uncomfortable	0.25
sam	0.25
shotgun	0.25
decades	0.25
director	0.25
spot	0.25
watched	0.25
hyped	0.25
define	0.25
focused	0.25
150	0.25
ancient	0.25
keeper	0.25
campaign	0.25
methods	0.25
boom	0.25
monkey	0.26
projects	0.26
bullet	0.26
former	0.26
designers	0.26
assault	0.26
op	0.26
zenimax	0.26
stars	0.26
gtav	0.26
fights	0.26
premise	0.26
power	0.26
timed	0.26
joining	0.26
veteran	0.26
regular	0.26
magic	0.26
flying	0.26
strike	0.26
giant	0.26
wondering	0.26
tough	0.26
dev	0.26
speak	0.26
german	0.26
properly	0.26
lowest	0.26
solving	0.26
trees	0.27
1440p	0.27
storm	0.27
energy	0.27
designing	0.27
cpu	0.27
room	0.27
individually	0.27
pro	0.27
spots	0.27
aimed	0.27
taught	0.27
extend	0.27
western	0.27
pitch	0.27
language	0.27
ice	0.27
aoe	0.27
bought	0.27
bump	0.27
hoped	0.27
revealed	0.27
gta	0.27
emulator	0.27
planetside	0.27
riot	0.27
healer	0.27
2004	0.27
highest	0.27
chances	0.27
importance	0.27
yep	0.27
250	0.27
sounded	0.27
edition	0.27
spell	0.28
drop	0.28
swtor	0.28
representation	0.28
primarily	0.28
7	0.28
maker	0.28
heist	0.28
alternative	0.28
every	0.28
branch	0.28
ticket	0.28
include	0.28
number	0.28
madden	0.28
session	0.28
eye	0.28
while	0.28
framerate	0.28
mech	0.28
library	0.28
settings	0.28
cave	0.28
chinese	0.28
partner	0.28
xb1	0.28
video	0.28
concerned	0.28
targeted	0.28
owner	0.28
rooms	0.29
casually	0.29
chapter	0.29
shell	0.29
touched	0.29
replied	0.29
filter	0.29
generations	0.29
front	0.29
max	0.29
previous	0.29
members	0.29
additions	0.29
encounters	0.29
car	0.29
faction	0.29
prize	0.29
seasons	0.29
joined	0.29
competitive	0.29
kept	0.29
tip	0.29
creation	0.29
bound	0.29
yogscast	0.29
count	0.29
puzzles	0.29
expense	0.29
rates	0.29
replying	0.29
country	0.29
prepare	0.29
exclusive	0.29
third	0.29
armour	0.29
placed	0.29
backwards	0.29
techniques	0.3
stuff	0.3
monsters	0.3
familiar	0.3
rocket	0.3
step	0.3
remembered	0.3
inferior	0.3
trap	0.3
creates	0.3
automatic	0.3
knock	0.3
accurately	0.3
stats	0.3
threw	0.3
xbone	0.3
indie	0.3
clan	0.3
fly	0.3
greatly	0.3
hi	0.3
fighting	0.3
sc	0.3
moves	0.31
endings	0.31
engines	0.31
50	0.31
aspects	0.31
definition	0.31
aliens	0.31
enix	0.31
mmo	0.31
comparisons	0.31
hang	0.31
tutorials	0.31
danger	0.31
personality	0.31
scared	0.31
30	0.31
dps	0.31
legend	0.31
tactics	0.31
road	0.31
mature	0.31
scenarios	0.31
maxed	0.31
advice	0.31
spoilers	0.31
improvements	0.31
hey	0.31
within	0.31
ran	0.32
completed	0.32
idk	0.32
secondary	0.32
bird	0.32
oriented	0.32
modern	0.32
ac2	0.32
customize	0.32
bringing	0.32
deeply	0.32
secrets	0.32
term	0.32
hearthstone	0.32
competitively	0.32
permission	0.32
field	0.32
ksp	0.32
quake	0.32
meanwhile	0.33
phrase	0.33
arma	0.33
mmorpg	0.33
twd	0.33
fire	0.33
falls	0.33
agency	0.33
equally	0.33
feasible	0.33
aaa	0.33
superior	0.33
twice	0.33
combos	0.33
comfortable	0.33
project	0.33
hunt	0.33
amounts	0.33
second	0.33
zones	0.33
perks	0.33
niche	0.33
fight	0.33
highly	0.33
ahead	0.33
alert	0.33
picked	0.33
science	0.33
american	0.33
hunters	0.33
emulate	0.33
halfway	0.33
morrowind	0.33
telltale	0.34
glasses	0.34
hitman	0.34
porn	0.34
ratio	0.34
chain	0.34
forward	0.34
720p	0.34
created	0.34
display	0.34
city	0.34
p	0.34
corners	0.34
route	0.34
since	0.34
45	0.34
x1	0.34
la	0.34
human	0.34
cry	0.35
humanity	0.35
open	0.35
creator	0.35
remain	0.35
loop	0.35
scope	0.35
crytek	0.35
rift	0.35
identical	0.35
fluid	0.35
amazed	0.35
division	0.35
relationships	0.35
nah	0.35
mission	0.35
alone	0.35
yea	0.35
enjoyment	0.35
fourth	0.35
crystal	0.35
hits	0.35
died	0.35
ton	0.35
names	0.35
reference	0.35
btw	0.35
join	0.36
value	0.36
invite	0.36
job	0.36
vice	0.36
ha	0.36
chapters	0.36
em	0.36
24	0.36
acquisition	0.36
exception	0.36
gimmick	0.36
hit	0.36
yup	0.36
900p	0.36
strategies	0.36
arena	0.36
adult	0.36
fought	0.37
leak	0.37
sc2	0.37
americans	0.37
modes	0.37
practical	0.37
version	0.37
smite	0.37
honor	0.37
40	0.37
forgot	0.37
satisfaction	0.37
normal	0.37
raw	0.37
considered	0.37
processing	0.37
onto	0.37
everquest	0.37
playstation	0.37
emulation	0.37
park	0.38
1080	0.38
vast	0.38
mic	0.38
night	0.38
thrones	0.38
came	0.38
command	0.38
length	0.38
carmack	0.38
narrow	0.38
doom	0.38
nv	0.38
expert	0.38
technology	0.38
exile	0.38
spells	0.38
knife	0.38
guys	0.38
1080p	0.39
episode	0.39
meaning	0.39
spin	0.39
dragons	0.39
custom	0.39
eating	0.39
beforehand	0.39
film	0.39
hmm	0.39
iirc	0.39
element	0.39
ocean	0.39
fortress	0.39
keeps	0.39
message	0.4
additional	0.4
risk	0.4
pixels	0.4
play	0.4
sharing	0.4
unknown	0.4
emotions	0.4
climbing	0.4
hilarious	0.4
closely	0.4
engine	0.4
member	0.4
11	0.4
designer	0.4
toys	0.4
ps3	0.4
ie	0.4
hundreds	0.4
upgraded	0.4
warcraft	0.4
vertical	0.4
differently	0.4
tend	0.4
thousands	0.4
lol	0.4
tech	0.41
mixed	0.41
contain	0.41
picking	0.41
bat	0.41
gone	0.41
rolls	0.41
ages	0.41
invisible	0.41
35	0.41
am	0.41
soft	0.41
subtle	0.41
guns	0.41
expanded	0.42
weapons	0.42
eve	0.42
humans	0.42
scripted	0.42
wc3	0.42
brawl	0.42
reply	0.42
wolfenstein	0.42
auto	0.42
tf2	0.42
25	0.42
league	0.42
heal	0.42
ultra	0.42
staying	0.42
mark	0.42
advance	0.42
thousand	0.42
opportunities	0.42
ranking	0.42
talented	0.43
captured	0.43
reach	0.43
dota2	0.43
armies	0.43
puzzle	0.43
table	0.43
fantasy	0.43
wall	0.43
name	0.43
voices	0.44
dog	0.44
talent	0.44
evolve	0.44
secondly	0.44
storyline	0.44
bundled	0.44
counter-strike	0.44
college	0.44
object	0.44
please	0.44
moba	0.44
dota	0.44
videogame	0.44
between	0.44
highlight	0.44
fully	0.44
engineer	0.44
plus	0.44
successful	0.45
japanese	0.45
ive	0.45
14	0.45
recommended	0.45
343	0.45
precisely	0.45
dudes	0.45
routes	0.45
difficulties	0.45
bethesda	0.45
tracking	0.45
rewarded	0.45
huh	0.45
orcs	0.45
scenes	0.46
floating	0.46
rank	0.46
uh	0.46
ta	0.46
entry	0.46
smoke	0.46
strategy	0.46
paint	0.46
word	0.46
theft	0.46
cat	0.46
challenge	0.46
set	0.46
carefully	0.47
historically	0.47
legendaries	0.47
flight	0.47
13	0.47
18	0.47
distance	0.47
craft	0.47
priority	0.47
fighters	0.47
resolutions	0.47
established	0.47
hats	0.47
appreciate	0.47
mode	0.48
extended	0.48
psp	0.48
hm	0.48
heroic	0.48
calm	0.48
its	0.48
living	0.48
actual	0.48
popular	0.48
sigh	0.48
zelda	0.48
ds2	0.48
insight	0.48
whatnot	0.48
six	0.48
tips	0.48
origins	0.48
breath	0.49
male	0.49
dwarf	0.49
dozens	0.49
mobas	0.49
skills	0.49
female	0.49
square	0.49
aspect	0.49
skilled	0.49
yeah	0.49
lots	0.49
ranks	0.49
crossed	0.49
counts	0.49
finish	0.49
sat	0.49
prime	0.5
16	0.5
15	0.5
blow	0.5
wizard	0.5
cs	0.5
gpus	0.5
sega	0.5
inquisition	0.5
native	0.5
killed	0.5
following	0.5
ideal	0.5
checking	0.5
wheel	0.5
double	0.5
avatar	0.5
bosses	0.5
woman	0.5
complexity	0.5
screenshot	0.5
existing	0.51
hundred	0.51
miss	0.51
12	0.51
literal	0.51
ties	0.51
hat	0.51
girls	0.51
paradox	0.51
mechanical	0.51
similarly	0.51
gba	0.51
laser	0.51
expecting	0.51
17	0.52
pit	0.52
digging	0.52
killer	0.52
facebook	0.52
life	0.52
definitive	0.52
saga	0.52
10-15	0.52
clip	0.52
xl	0.52
optimal	0.52
hots	0.52
student	0.52
fine	0.52
scale	0.52
lived	0.52
difficulty	0.52
equivalent	0.53
integrated	0.53
slash	0.53
sleep	0.53
edited	0.53
20	0.53
club	0.53
born	0.53
interested	0.53
silver	0.53
helpful	0.53
amount	0.53
ah	0.53
telling	0.53
older	0.53
genuinely	0.53
headset	0.53
television	0.54
backstory	0.54
accuracy	0.54
ranked	0.54
island	0.54
sleeping	0.54
easy	0.54
honest	0.54
dishonored	0.54
n	0.54
keeping	0.54
ya	0.54
welcome	0.54
tier	0.54
evolution	0.54
afraid	0.54
image	0.54
appealing	0.54
core	0.54
ds	0.55
notes	0.55
worthy	0.55
roles	0.55
animations	0.55
films	0.55
thank	0.55
first	0.55
announcement	0.55
battlefront	0.55
bro	0.55
seven	0.55
tho	0.55
shows	0.55
viable	0.56
rainbow	0.56
spoiler	0.56
interactions	0.56
reasonably	0.56
suit	0.56
toy	0.56
mc	0.56
adults	0.56
handful	0.56
populated	0.56
material	0.56
freedom	0.56
prototype	0.56
climb	0.56
heroes	0.56
shake	0.56
simulation	0.56
ps2	0.57
alongside	0.57
book	0.57
render	0.57
output	0.57
ce	0.57
4x	0.57
enjoyed	0.57
main	0.57
player	0.57
pretty	0.57
roster	0.57
2.5	0.57
space	0.57
mojang	0.58
broad	0.58
driven	0.58
comparing	0.58
disney	0.58
levels	0.58
hacking	0.58
split	0.58
destiny	0.58
heh	0.58
9	0.58
wider	0.58
mate	0.58
ladder	0.58
useful	0.58
liking	0.58
tower	0.59
movies	0.59
children	0.59
example	0.59
offline	0.59
aware	0.59
se	0.59
haha	0.59
nostalgia	0.59
bed	0.59
skeptical	0.59
statement	0.6
kit	0.6
dude	0.6
countless	0.6
faces	0.6
fanbase	0.6
mystery	0.6
backlog	0.6
arcade	0.6
his	0.6
lightning	0.6
engineers	0.6
kidding	0.6
valuable	0.6
picture	0.6
10	0.6
ring	0.61
infinitely	0.61
football	0.61
vita	0.61
achievement	0.61
everywhere	0.61
forza	0.61
payne	0.61
images	0.61
physics	0.61
ck2	0.62
sunset	0.62
entries	0.62
overdrive	0.62
glass	0.62
citizen	0.62
intelligent	0.62
gamecube	0.63
preview	0.63
wear	0.63
robot	0.63
tons	0.63
thanks	0.63
undead	0.63
wtf	0.63
includes	0.63
havent	0.63
justice	0.63
bet	0.63
particularly	0.63
dragon	0.64
playstyle	0.64
adventures	0.64
remastered	0.64
weekend	0.64
rendering	0.64
range	0.64
versus	0.64
history	0.64
multi	0.64
alternate	0.64
blowing	0.65
5-10	0.65
regard	0.65
2-3	0.65
beating	0.65
finishing	0.65
payday	0.65
earth	0.65
movie	0.65
exploring	0.65
revolution	0.65
logo	0.65
demons	0.66
vault	0.66
resolution	0.66
hardest	0.66
interaction	0.66
finished	0.66
4-5	0.66
backed	0.66
form	0.66
hammer	0.66
flood	0.66
ugh	0.66
school	0.66
virtual	0.66
creativity	0.66
arc	0.66
oculus	0.67
3-4	0.67
satisfied	0.67
revenge	0.67
stages	0.67
creatures	0.67
horizon	0.67
dangerous	0.67
upcoming	0.67
ten	0.67
deeper	0.67
green	0.67
tomb	0.67
rts	0.67
thief	0.67
ps1	0.68
illusion	0.68
king	0.68
story	0.68
immensely	0.68
kerbal	0.68
pointing	0.68
anniversary	0.68
gear	0.68
numerous	0.68
elite	0.68
customization	0.68
driving	0.68
dozen	0.69
whilst	0.69
saints	0.69
crucial	0.69
naughty	0.69
younger	0.69
commander	0.69
raider	0.69
smoothly	0.69
remake	0.69
mcc	0.69
twist	0.69
eshop	0.69
hr	0.69
san	0.69
ff	0.69
builds	0.7
those	0.7
couple	0.7
title	0.7
jumped	0.7
infinite	0.7
pax	0.7
capcom	0.7
mortal	0.7
young	0.71
old	0.71
installment	0.71
void	0.71
genres	0.71
arpg	0.71
gravity	0.71
enhanced	0.71
excited	0.71
white	0.72
simple	0.72
locations	0.72
gods	0.72
well	0.72
mountain	0.72
creepy	0.72
drawn	0.72
central	0.72
wolf	0.73
together	0.73
rise	0.73
exploration	0.73
cars	0.73
few	0.73
ryse	0.73
tempted	0.73
row	0.73
pokemon	0.73
many	0.73
volume	0.73
vs	0.74
aged	0.74
beat	0.74
grid	0.74
civ	0.74
assumed	0.74
rendered	0.74
type	0.74
appearance	0.74
five	0.75
sets	0.75
saw	0.75
phantom	0.75
genesis	0.75
these	0.75
fighter	0.75
clear	0.75
thought	0.75
era	0.76
other	0.76
show	0.76
character	0.76
terrain	0.76
bill	0.76
hoping	0.76
soldier	0.76
mechanics	0.76
galaxy	0.76
arkham	0.76
downgrade	0.76
multiplayer	0.77
books	0.77
civilization	0.77
effect	0.77
sims	0.77
shadows	0.77
leaked	0.77
wearing	0.77
obsidian	0.77
street	0.77
halo	0.78
touching	0.78
formula	0.78
leap	0.78
starbound	0.78
dust	0.78
referring	0.78
skin	0.78
elder	0.78
n64	0.78
trials	0.79
risks	0.79
looking	0.79
cannon	0.79
similarities	0.79
plenty	0.79
polished	0.79
objects	0.79
separate	0.79
evil	0.79
sky	0.79
mount	0.79
ds1	0.79
party	0.8
possibilities	0.8
inspiration	0.8
ex	0.8
pacing	0.8
vision	0.8
ip	0.8
fallen	0.81
textures	0.81
kojima	0.81
glory	0.81
borderlands	0.81
planet	0.81
classes	0.82
sandbox	0.82
stone	0.82
race	0.82
edge	0.82
mass	0.82
deus	0.83
half	0.83
asking	0.83
action	0.83
master	0.83
iv	0.83
solo	0.83
diablo	0.83
sequels	0.83
technical	0.84
blade	0.84
performance	0.84
four	0.84
list	0.84
cinematic	0.84
kingdom	0.84
individual	0.84
warrior	0.84
survival	0.84
imho	0.85
roots	0.85
fans	0.85
open-world	0.85
emotional	0.85
tlou	0.85
starcraft	0.85
both	0.85
noise	0.85
several	0.85
alien	0.85
redemption	0.85
demos	0.86
iterations	0.86
newest	0.86
online	0.86
areas	0.86
6	0.86
child	0.86
fox	0.86
attractive	0.86
closer	0.87
racing	0.87
base	0.87
complex	0.87
optimistic	0.87
genre	0.87
historical	0.87
protagonist	0.87
snes	0.87
asylum	0.88
grand	0.88
quiet	0.88
mechanic	0.88
minecraft	0.88
risky	0.89
iteration	0.89
category	0.89
categories	0.89
playthrough	0.89
defined	0.89
thoroughly	0.89
ground	0.89
concepts	0.89
easily	0.89
elements	0.89
vr	0.89
award	0.89
soul	0.9
wind	0.9
unlikely	0.9
iron	0.9
resistance	0.9
peace	0.9
gameboy	0.9
novels	0.9
dc	0.91
3ds	0.91
bioshock	0.91
error	0.91
fiction	0.91
conference	0.91
sorry	0.91
demon	0.91
jrpgs	0.92
scrolls	0.92
baby	0.92
cast	0.92
including	0.92
dig	0.92
singleplayer	0.92
v	0.92
kids	0.92
lan	0.93
crusader	0.93
8	0.93
trip	0.93
traditional	0.93
empires	0.93
single-player	0.93
her	0.93
meant	0.93
attached	0.94
mechanically	0.94
mirror	0.94
planets	0.95
moon	0.95
elaborate	0.95
texture	0.95
beast	0.95
villain	0.95
half-life	0.95
surprisingly	0.95
dream	0.95
itself	0.96
playing	0.96
creating	0.96
red	0.96
respective	0.96
waker	0.96
tie	0.96
medieval	0.96
suits	0.97
contrast	0.97
dead	0.97
wake	0.97
vegas	0.97
experiment	0.97
in-depth	0.97
1.5	0.97
nintendo	0.98
platforming	0.98
convinced	0.98
ips	0.98
adventure	0.98
parent	0.98
lights	0.98
three	0.98
bloodborne	0.98
sacrifice	0.98
nes	0.98
station	0.99
static	0.99
kings	0.99
lore	0.99
comics	0.99
blue	0.99
drawing	0.99
reveal	0.99
hooked	1.0
sentence	1.0
franchises	1.0
anime	1.0
meaningful	1.0
bravely	1.0
replayability	1.0
nope	1.0
confident	1.0
medium	1.0
father	1.01
snake	1.01
battle	1.01
hopes	1.01
rpgs	1.01
animal	1.01
marvel	1.02
90s	1.02
mistake	1.02
res	1.02
walker	1.02
trailers	1.02
clever	1.02
golden	1.02
combine	1.03
playthroughs	1.03
possible	1.03
zeroes	1.03
age	1.03
two	1.03
weather	1.04
artists	1.04
prepared	1.04
skyrim	1.04
immersion	1.04
generated	1.05
hearts	1.05
enormous	1.05
detail	1.05
banner	1.05
girl	1.05
edit	1.05
darkness	1.05
imo	1.05
battles	1.05
willing	1.05
co	1.06
hear	1.06
longest	1.06
ultima	1.07
races	1.07
technically	1.07
knights	1.07
house	1.07
jesus	1.08
rings	1.08
crysis	1.08
star	1.08
boss	1.09
design	1.09
shiny	1.09
batman	1.09
gears	1.09
tales	1.09
mgs4	1.09
narrative	1.09
mordor	1.1
mega	1.1
neither	1.1
hearing	1.1
christ	1.1
showing	1.1
unreal	1.1
lucky	1.1
fear	1.11
teaser	1.11
dmc	1.11
exceptions	1.11
amp	1.11
deep	1.11
buddy	1.11
holds	1.11
multiple	1.11
powers	1.12
nuts	1.12
e3	1.12
persistent	1.12
perfectly	1.12
patient	1.13
various	1.13
killzone	1.13
republic	1.13
sci-fi	1.14
footage	1.15
dramatic	1.15
recording	1.15
kinds	1.15
informed	1.15
local	1.15
worthwhile	1.15
fence	1.15
animated	1.15
dawn	1.15
wii	1.15
turn-based	1.16
classic	1.16
landscape	1.16
advanced	1.17
couch	1.17
castle	1.17
collection	1.17
fit	1.17
infamous	1.18
showed	1.18
journey	1.18
mix	1.18
sun	1.18
selection	1.18
hl2	1.19
mom	1.19
tight	1.19
empire	1.19
correctly	1.19
pictures	1.19
words	1.19
ninja	1.2
shown	1.2
hd	1.2
chronicles	1.2
terms	1.2
re4	1.2
sorts	1.2
varying	1.2
legendary	1.21
tension	1.21
fable	1.21
eternity	1.21
rpg	1.21
shadow	1.21
enjoying	1.21
war	1.21
record	1.21
charm	1.21
promising	1.21
scares	1.21
rare	1.22
wars	1.22
procedural	1.22
coop	1.22
exact	1.23
etc	1.23
home	1.23
grew	1.23
jedi	1.23
pop	1.23
lotr	1.23
shock	1.23
light	1.24
demo	1.24
gunplay	1.24
jrpg	1.24
universe	1.24
parents	1.24
intensive	1.24
close	1.25
witcher	1.25
isometric	1.25
wide	1.25
roguelike	1.25
kotor	1.25
nearly	1.25
terrifying	1.26
portal	1.26
famous	1.26
create	1.26
standpoint	1.27
scare	1.28
uncharted	1.28
shame	1.28
xcom	1.28
kid	1.29
goddamn	1.29
listened	1.29
crossing	1.29
personalities	1.29
busy	1.3
demanding	1.3
rogue	1.3
lord	1.31
realistic	1.31
guessing	1.31
dynamic	1.31
ambitious	1.31
whereas	1.31
souls	1.31
son	1.32
math	1.32
dear	1.32
platformers	1.32
isolation	1.32
assets	1.32
family	1.32
canon	1.33
metroid	1.33
combined	1.33
castlevania	1.33
final	1.34
cake	1.34
hybrid	1.34
easiest	1.34
grim	1.35
fallout	1.35
mother	1.35
sonic	1.36
reboot	1.36
5	1.36
latter	1.36
speaking	1.36
iii	1.37
compromise	1.37
protagonists	1.37
effective	1.37
friends	1.37
stories	1.38
tes	1.38
interactive	1.38
ratchet	1.38
captain	1.38
hyrule	1.39
friend	1.39
rewarding	1.4
comic	1.4
alright	1.4
strengths	1.4
themes	1.4
baldur	1.4
returns	1.41
proud	1.41
64	1.41
silent	1.41
gate	1.42
specific	1.42
co-op	1.42
resident	1.42
emblem	1.43
single	1.43
most	1.43
buddies	1.44
stalker	1.44
horror	1.45
passionate	1.45
audio	1.45
childhood	1.46
hill	1.47
memories	1.47
sister	1.47
cryengine	1.47
wife	1.47
rising	1.47
1-2	1.47
persona	1.48
classics	1.48
hero	1.49
wish	1.49
amnesia	1.49
artist	1.5
beats	1.5
franchise	1.5
platformer	1.5
platinum	1.51
accurate	1.51
intense	1.51
safe	1.51
chrono	1.51
torment	1.52
devil	1.52
licensed	1.52
pixel	1.52
knight	1.52
compare	1.53
yoshi	1.53
explore	1.53
moments	1.53
diversity	1.54
defining	1.54
smash	1.55
vibe	1.55
beaten	1.55
dad	1.55
ideas	1.55
mgs	1.55
innovation	1.56
brother	1.56
meat	1.56
villains	1.56
satisfying	1.56
scary	1.56
terraria	1.57
creative	1.57
experience	1.57
models	1.57
factions	1.57
animation	1.58
abilities	1.58
greatest	1.59
fucking	1.59
entertaining	1.6
wasteland	1.6
oh	1.6
trailer	1.62
certain	1.63
screenshots	1.63
metal	1.63
prefer	1.64
similar	1.64
wiiu	1.64
divinity	1.65
traits	1.65
novel	1.66
blows	1.67
immersed	1.67
tense	1.67
nights	1.68
concept	1.69
challenging	1.69
ultimate	1.69
smooth	1.7
rain	1.7
tone	1.71
reminds	1.71
crazy	1.71
enjoy	1.71
such	1.71
perfect	1.71
inspired	1.71
sin	1.72
lego	1.72
man	1.72
alive	1.73
odst	1.73
realism	1.74
clean	1.75
played	1.76
each	1.76
holy	1.77
quality	1.77
fleshed	1.77
listen	1.78
blew	1.78
monster	1.78
binding	1.79
legends	1.79
overall	1.79
dynasty	1.8
spiritual	1.82
2d	1.82
dark	1.82
boy	1.82
new	1.84
graphical	1.84
top	1.84
4	1.86
successor	1.86
land	1.86
starve	1.86
shadowrun	1.87
capabilities	1.87
hunter	1.88
xenoblade	1.88
u	1.88
variation	1.89
color	1.89
enjoyable	1.9
sounds	1.9
experiences	1.91
retro	1.91
artistic	1.92
damn	1.93
characters	1.93
appreciated	1.95
rebirth	1.95
replay	1.96
warriors	1.96
effects	1.97
akin	1.97
isaac	1.97
2	1.98
impressed	1.99
combinations	2.0
graphic	2.0
listening	2.01
lighting	2.01
3d	2.01
damned	2.01
mk8	2.01
legacy	2.01
tale	2.02
ftl	2.02
rayman	2.02
variety	2.02
brothers	2.02
mario	2.03
sound	2.03
sweet	2.03
storytelling	2.03
stellar	2.03
spelunky	2.03
pumped	2.03
insane	2.04
girlfriend	2.04
dance	2.04
good	2.04
believable	2.06
different	2.07
fond	2.07
vein	2.08
super	2.08
types	2.09
sequel	2.11
bayonetta	2.11
bros	2.11
god	2.12
replaying	2.12
donkey	2.12
kart	2.13
kong	2.13
nemesis	2.15
packed	2.15
tune	2.15
world	2.15
special	2.16
setting	2.16
freeze	2.17
pikmin	2.19
recommend	2.19
distinct	2.19
3	2.2
1	2.21
background	2.21
101	2.22
environment	2.22
worlds	2.22
guitar	2.23
compelling	2.23
shovel	2.24
nail	2.26
favorite	2.28
genius	2.29
track	2.29
closest	2.3
radio	2.31
presentation	2.31
ii	2.33
diverse	2.34
passion	2.36
fidelity	2.38
trilogy	2.39
nicely	2.4
gameplay	2.4
excellent	2.41
original	2.41
blown	2.42
miami	2.43
hotline	2.43
1/2	2.45
crafted	2.48
favourite	2.51
styles	2.51
rich	2.53
importantly	2.54
visual	2.58
tracks	2.58
fun	2.6
combination	2.63
band	2.64
rock	2.64
engaging	2.66
addition	2.69
solid	2.71
looked	2.71
graphically	2.74
wise	2.75
theme	2.75
style	2.77
colors	2.79
series	2.8
songs	2.81
glorious	2.82
amazingly	2.86
bright	2.88
exciting	2.88
badass	2.89
mood	2.91
loving	2.92
fits	2.96
notch	2.97
graphics	2.98
innovative	3.0
varied	3.01
blast	3.01
environments	3.02
look	3.03
fresh	3.05
addictive	3.07
itch	3.08
fancy	3.08
detailed	3.09
bastion	3.09
fan	3.09
nailed	3.11
neat	3.13
favorites	3.13
freaking	3.18
designs	3.19
refreshing	3.25
song	3.31
visually	3.33
truly	3.38
cool	3.45
interesting	3.47
transistor	3.5
immersive	3.61
looks	3.66
masterpiece	3.67
absolutely	3.69
revolutionary	3.7
atmosphere	3.72
great	3.72
aesthetic	3.83
epic	3.86
art	3.89
memorable	3.93
music	4.01
brilliant	4.02
wonderful	4.05
impressive	4.09
aesthetics	4.12
phenomenal	4.15
beautiful	4.22
soundtrack	4.3
incredible	4.35
unique	4.4
visuals	4.4
gorgeous	4.49